id,first_name,last_name,email,gender,ip_address
1,Moria,Keaton,mkeaton0@google.co.uk,Female,17.58.50.27
2,Dorothy,Kersley,dkersley1@tinypic.com,Female,28.75.87.12
3,Ansley,Tuerena,atuerena2@discuz.net,Female,154.32.52.202
4,Cam,Primak,cprimak3@t.co,Female,4.98.174.115
5,Matty,Facchini,mfacchini4@usatoday.com,Male,74.202.140.5
6,Bibbye,Johns,bjohns5@gizmodo.com,Female,167.241.218.138
7,Ninetta,Skule,nskule6@answers.com,Female,23.153.107.197
8,Odelle,Spare,ospare7@wp.com,Female,107.12.89.28
9,Starlene,Lidgley,slidgley8@unesco.org,Female,206.196.141.102
10,Ariadne,Christmas,achristmas9@mysql.com,Female,66.152.142.220
11,Westleigh,Jagson,wjagsona@barnesandnoble.com,Male,2.13.243.6
12,Anni,Howey,ahoweyb@si.edu,Female,90.189.164.40
13,Ragnar,Sach,rsachc@gmpg.org,Male,2.187.29.89
14,Guglielmo,Bello,gbellod@flavors.me,Male,14.207.200.214
15,Aggie,Wherton,awhertone@slate.com,Female,45.182.227.182
16,Bengt,Turk,bturkf@unblog.fr,Male,0.189.224.162
17,Abba,Quainton,aquaintong@kickstarter.com,Male,77.110.123.6
18,Shanta,Fernandez,sfernandezh@bing.com,Female,174.93.255.10
19,Stormy,Onyon,sonyoni@sbwire.com,Female,180.1.181.115
20,Bettina,Gilfillan,bgilfillanj@godaddy.com,Female,221.129.181.144
